,ligand_name,CAS,ligand,commercial_name,SMILES
0,3-Methyladenine,5142-23-4,3-Methyladenine,3-Methyladenine,CN1C=NC(=N)C2=C1N=CN2
1,A66,1166227-08-2,A66,A66,CC1=C(SC(=N1)NC(=O)N2CCC[C@H]2C(=O)N)C3=CSC(=N3)C(C)(C)C
2,A-674563,552325-73-2,A-674563,A-674563,CC1=C2C=C(C=CC2=NN1)C3=CC(=CN=C3)OC[C@H](CC4=CC=CC=C4)N
3,A-769662,844499-71-4,A-769662,A-769662,C1=CC=C(C(=C1)C2=CC=C(C=C2)C3=CSC4=C3C(=C(C(=O)N4)C#N)O)O
4,AEE788 (NVP-AEE788),497839-62-0,AEE788,NVP-AEE788,CCN1CCN(CC1)CC2=CC=C(C=C2)C3=CC4=C(N3)N=CN=C4N[C@H](C)C5=CC=CC=C5
5,Afatinib (BIBW2992),439081-18-2,Afatinib,BIBW2992,CN(C)C/C=C/C(=O)NC1=C(C=C2C(=C1)C(=NC=N2)NC3=CC(=C(C=C3)F)Cl)O[C@H]4CCOC4
6,AG-1024,65678-07-1,AG-1024,AG-1024,CC(C)(C)C1=C(C(=CC(=C1)C=C(C#N)C#N)Br)O
7,AG-1478 (Tyrphostin AG-1478),153436-53-4,AG-1478,Tyrphostin AG-1478,COC1=C(C=C2C(=C1)C(=NC=N2)NC3=CC(=CC=C3)Cl)OC
8,AG-490,133550-30-8,AG-490,AG-490,C1=CC=C(C=C1)CNC(=O)/C(=C/C2=CC(=C(C=C2)O)O)/C#N
9,AMG 900,945595-80-2,AMG 900,AMG 900,CC1=CSC(=C1)C2=NN=C(C3=CC=CC=C32)NC4=CC=C(C=C4)OC5=C(C=CC=N5)C6=NC(=NC=C6)N
10,AMG-208,1002304-34-8,AMG-208,AMG-208,COC1=CC2=NC=CC(=C2C=C1)OCC3=NN=C4N3N=C(C=C4)C5=CC=CC=C5
11,AMG458,913376-83-7,AMG458,AMG458,CC1=C(C(=O)N(N1CC(C)(C)O)C2=CC=CC=C2)C(=O)NC3=NC=C(C=C3)OC4=C5C=CC(=CC5=NC=C4)OC
12,Amuvatinib (MP-470),850879-09-3,Amuvatinib,MP-470,C1CN(CCN1C2=NC=NC3=C2OC4=CC=CC=C43)C(=S)NCC5=CC6=C(C=C5)OCO6
13,Apatinib (YN968D1),811803-05-1,Apatinib,YN968D1,C1CCC(C1)(C#N)C2=CC=C(C=C2)NC(=O)C3=C(N=CC=C3)NCC4=CC=NC=C4
14,ARQ 197 (Tivantinib),905854-02-6,ARQ 197,Tivantinib,C1CC2=C3C(=CC=C2)C(=CN3C1)[C@H]4[C@@H](C(=O)NC4=O)C5=CNC6=CC=CC=C65
15,ARRY334543,845272-21-1,ARRY334543,ARRY334543,C[C@@H]1COC(=N1)NC2=CC3=C(C=C2)N=CN=C3NC4=CC(=C(C=C4)OCC5=NC=CS5)Cl
16,Arry-380,937265-83-3,Arry-380,Arry-380,CC1=C(C=CC(=C1)NC2=NC=NC3=C2C=C(C=C3)C4=CC=C(O4)CNCCS(=O)(=O)C)OC5=CC6=NC=NN6C=C5
17,AS-252424,900515-16-4,AS-252424,AS-252424,C1=CC(=C(C=C1F)O)C2=CC=C(O2)/C=C\3/C(=O)NC(=O)S3
18,AS-604850,648449-76-7,AS-604850,AS-604850,C1=CC2=C(C=C1/C=C\3/C(=O)NC(=O)S3)OC(O2)(F)F
19,AS-605240,648450-29-7,AS-605240,AS-605240,C1=CC2=NC=CN=C2C=C1/C=C\3/C(=O)NC(=O)S3
20,AS703026 (pimasertib),1236699-92-5,AS703026,pimasertib,C1=CC(=C(C=C1I)F)NC2=C(C=CN=C2)C(=O)NC[C@@H](CO)O
21,AST-1306,1050500-29-2,AST-1306,AST-1306,CC1=CC=C(C=C1)S(=O)(=O)O.C=CC(=O)NC1=CC2=C(C=C1)N=CN=C2NC3=CC(=C(C=C3)OCC4=CC(=CC=C4)F)Cl
22,AT7519,844442-38-2,AT7519,AT7519,C1CNCCC1NC(=O)C2=C(C=NN2)NC(=O)C3=C(C=CC=C3Cl)Cl
23,AT7867,857531-00-1,AT7867,AT7867,C1CNCCC1(C2=CC=C(C=C2)C3=CNN=C3)C4=CC=C(C=C4)Cl
24,AT9283,896466-04-9,AT9283,AT9283,C1CC1NC(=O)NC2=C(NN=C2)C3=NC4=C(N3)C=C(C=C4)CN5CCOCC5
25,Aurora A Inhibitor I,1158838-45-9,Aurora A Inhibitor I,Aurora A Inhibitor I,CCN1CCN(CC1)C(=O)CC2=CC=C(C=C2)NC3=NC=C(C(=N3)NC4=CC=C(C=C4)C(=O)NC5=CC=CC=C5Cl)F
26,Axitinib,319460-85-0,Axitinib,Axitinib,CNC(=O)C1=CC=CC=C1SC2=CC3=C(C=C2)C(=NN3)/C=C/C4=CC=CC=N4
27,AZ 960,905586-69-8,AZ 960,AZ 960,CC1=CC(=NN1)NC2=C(C=C(C(=N2)N[C@@H](C)C3=CC=C(C=C3)F)C#N)F
28,AZ628,878739-06-1,AZ628,AZ628,CC1=C(C=C(C=C1)NC(=O)C2=CC(=CC=C2)C(C)(C)C#N)NC3=CC4=C(C=C3)N=CN(C4=O)C
29,AZD2014,1009298-59-2,AZD2014,AZD2014,C[C@H]1COCCN1C2=NC(=NC3=C2C=CC(=N3)C4=CC(=CC=C4)C(=O)NC)N5CCOC[C@@H]5C
30,AZD4547,1035270-39-3,AZD4547,AZD4547,C[C@@H]1CN(C[C@@H](N1)C)C2=CC=C(C=C2)C(=O)NC3=NNC(=C3)CCC4=CC(=CC(=C4)OC)OC
31,AZD5438,602306-29-6,AZD5438,AZD5438,CC1=NC=C(N1C(C)C)C2=NC(=NC=C2)NC3=CC=C(C=C3)S(=O)(=O)C
32,AZD6244 (Selumetinib),606143-52-6,AZD6244,Selumetinib,CN1C=NC2=C1C=C(C(=C2F)NC3=C(C=C(C=C3)Br)Cl)C(=O)NOCCO
33,AZD7762,860352-01-8,AZD7762,AZD7762,C1C[C@@H](CNC1)NC(=O)C2=C(C=C(S2)C3=CC(=CC=C3)F)NC(=O)N
34,AZD8055,1009298-09-2,AZD8055,AZD8055,C[C@H]1COCCN1C2=NC(=NC3=C2C=CC(=N3)C4=CC(=C(C=C4)OC)CO)N5CCOC[C@@H]5C
35,AZD8330,869357-68-6,AZD8330,AZD8330,CC1=CC(=C(N(C1=O)C)NC2=C(C=C(C=C2)I)F)C(=O)NOCCO
36,AZD8931,848942-61-0,AZD8931,AZD8931,CNC(=O)CN1CCC(CC1)OC2=C(C=C3C(=C2)C(=NC=N3)NC4=C(C(=CC=C4)Cl)F)OC
37,Barasertib (AZD1152-HQPA),722544-51-6,Barasertib,AZD1152-HQPA,CCN(CCCOC1=CC2=C(C=C1)C(=NC=N2)NC3=NNC(=C3)CC(=O)NC4=CC(=CC=C4)F)CCO
38,Baricitinib (LY3009104 - incb28050),1187594-09-7,Baricitinib,LY3009104 - incb28050,CCS(=O)(=O)N1CC(C1)(CC#N)N2C=C(C=N2)C3=C4C=CNC4=NC=N3
39,BEZ235 (NVP-BEZ235),915019-65-7,BEZ235,NVP-BEZ235,CC(C)(C#N)C1=CC=C(C=C1)N2C3=C4C=C(C=CC4=NC=C3N(C2=O)C)C5=CC6=CC=CC=C6N=C5
40,BGJ398 (NVP-BGJ398),872511-34-7,BGJ398,NVP-BGJ398,CCN1CCN(CC1)C2=CC=C(C=C2)NC3=CC(=NC=N3)N(C)C(=O)NC4=C(C(=CC(=C4Cl)OC)OC)Cl
41,BI 2536,755038-02-9,BI 2536,BI 2536,CC[C@@H]1C(=O)N(C2=CN=C(N=C2N1C3CCCC3)NC4=C(C=C(C=C4)C(=O)NC5CCN(CC5)C)OC)C
42,BI6727 (Volasertib),755038-65-4,BI6727,Volasertib,CC[C@@H]1C(=O)N(C2=CN=C(N=C2N1C(C)C)NC3=C(C=C(C=C3)C(=O)NC4CCC(CC4)N5CCN(CC5)CC6CC6)OC)C
43,BIBF1120 (Vargatef),656247-17-5,BIBF1120,Vargatef,CN1CCN(CC1)CC(=O)N(C)C2=CC=C(C=C2)N=C(C3=CC=CC=C3)C4=C(NC5=C4C=CC(=C5)C(=O)OC)O
44,BIRB 796 (Doramapimod),285983-48-4,BIRB 796,Doramapimod,CC1=CC=C(C=C1)N2C(=CC(=N2)C(C)(C)C)NC(=O)NC3=CC=C(C4=CC=CC=C43)OCCN5CCOCC5
45,BIX 02188,1094614-84-2,BIX 02188,BIX 02188,CN(C)CC1=CC(=CC=C1)N=C(C2=CC=CC=C2)C3=C(NC4=C3C=CC(=C4)C(=O)N)O
46,BIX 02189,1094614-85-3,BIX 02189,BIX 02189,CN(C)CC1=CC(=CC=C1)N=C(C2=CC=CC=C2)C3=C(NC4=C3C=CC(=C4)C(=O)N(C)C)O
47,BKM120 (NVP-BKM120),944396-07-0,BKM120,NVP-BKM120,C1COCCN1C2=NC(=NC(=C2)C3=CN=C(C=C3C(F)(F)F)N)N4CCOCC4
48,BMS 777607,1025720-94-8,BMS 777607,BMS 777607,CCOC1=C(C(=O)N(C=C1)C2=CC=C(C=C2)F)C(=O)NC3=CC(=C(C=C3)OC4=C(C(=NC=C4)N)Cl)F
49,BMS 794833,1174046-72-0,BMS 794833,BMS 794833,C1=CC(=CC=C1C2=CNC=C(C2=O)C(=O)NC3=CC(=C(C=C3)OC4=C(C(=NC=C4)N)Cl)F)F
50,BMS-265246,582315-72-8,BMS-265246,BMS-265246,CCCCOC1=C(C=NC2=NNC=C12)C(=O)C3=C(C=C(C=C3F)C)F
51,BMS-599626 (AC480),714971-09-2,BMS-599626,AC480,CC1=C2C(=NC=NN2C=C1NC(=O)OC[C@@H]3COCCN3)NC4=CC5=C(C=C4)N(N=C5)CC6=CC(=CC=C6)F
52,Bosutinib (SKI-606),380843-75-4,Bosutinib,SKI-606,CN1CCN(CC1)CCCOC2=C(C=C3C(=C2)N=CC(=C3NC4=CC(=C(C=C4Cl)Cl)OC)C#N)OC
53,Brivanib (BMS-540215),649735-46-6,Brivanib,BMS-540215,CC1=CC2=C(N1)C=CC(=C2F)OC3=NC=NN4C3=C(C(=C4)OC[C@@H](C)O)C
54,Brivanib alaninate (BMS-582664),649735-63-7,Brivanib alaninate,BMS-582664,CC1=CC2=C(N1)C=CC(=C2F)OC3=NC=NN4C3=C(C(=C4)OC[C@@H](C)OC(=O)[C@H](C)N)C
55,BS-181 HCl,1397219-81-6,BS-181 HCl,BS-181 HCl,CC(C)C1=C2N=C(C=C(N2N=C1)NCC3=CC=CC=C3)NCCCCCCN.Cl
56,BX-795,702675-74-9,BX-795,BX-795,C1CCN(C1)C(=O)NC2=CC=CC(=C2)NC3=NC=C(C(=N3)NCCCNC(=O)C4=CC=CS4)I
57,BX-912,702674-56-4,BX-912,BX-912,C1CCN(C1)C(=O)NC2=CC=CC(=C2)NC3=NC=C(C(=N3)NCCC4=CN=CN4)Br
58,BYL719,1217486-61-7,BYL719,BYL719,CC1=C(SC(=N1)NC(=O)N2CCC[C@H]2C(=O)N)C3=CC(=NC=C3)C(C)(C)C(F)(F)F
59,CAL-101 (GS-1101),870281-82-6,CAL-101,GS-1101,CC[C@@H](C1=NC2=C(C(=CC=C2)F)C(=O)N1C3=CC=CC=C3)NC4=NC=NC5=C4NC=N5
60,CAY10505,1218777-13-9,CAY10505,CAY10505,C1=CC(=CC=C1C2=CC=C(O2)/C=C/3\C(=O)NC(=O)S3)F
61,CCT128930,885499-61-6,CCT128930,CCT128930,C1CN(CCC1(CC2=CC=C(C=C2)Cl)N)C3=NC=NC4=C3C=CN4
62,CCT129202,942947-93-5,CCT129202,CCT129202,CN(C)C1=CC=C(C=C1)C2=NC3=NC=C(C(=C3N2)N4CCN(CC4)CC(=O)NC5=NC=CS5)Cl
63,CCT137690,1095382-05-0,CCT137690,CCT137690,CC1=CC(=NO1)CN2CCN(CC2)C3=C4C(=NC=C3Br)N=C(N4)C5=CC=C(C=C5)N6CCN(CC6)C
64,Cediranib (AZD2171),288383-20-0,Cediranib,AZD2171,CC1=CC2=C(N1)C=CC(=C2F)OC3=NC=NC4=CC(=C(C=C43)OC)OCCCN5CCCC5
65,CEP33779,1257704-57-6,CEP33779,CEP33779,CN1CCN(CC1)C2=CC=CC(=C2)NC3=NN4C=CC=C(C4=N3)C5=CC=C(C=C5)S(=O)(=O)C
66,CH5424802,1256580-46-7,CH5424802,CH5424802,CCC1=CC2=C(C=C1N3CCC(CC3)N4CCOCC4)C(C5=C(C2=O)C6=C(N5)C=C(C=C6)C#N)(C)C
67,CHIR-124,405168-58-3,CHIR-124,CHIR-124,C1CN2CCC1[C@@H](C2)NC3=C(C(=O)NC4=C3C=C(C=C4)Cl)C5=NC6=CC=CC=C6N5
68,CHIR-98014,252935-94-7,CHIR-98014,CHIR-98014,C1=CC(=C(C=C1Cl)Cl)C2=NC(=NC=C2N3C=CN=C3)NCCNC4=NC(=C(C=C4)[N+](=O)[O-])N
69,CI-1033 (Canertinib),267243-28-7,CI-1033,Canertinib,C=CC(=O)NC1=C(C=C2C(=C1)C(=NC=N2)NC3=CC(=C(C=C3)F)Cl)OCCCN4CCOCC4
70,CI-1040 (PD184352),212631-79-3,CI-1040,PD184352,C1CC1CONC(=O)C2=C(C(=C(C=C2)F)F)NC3=C(C=C(C=C3)I)Cl
71,CP 673451,343787-29-1,CP 673451,CP 673451,COCCOC1=CC2=C(C=C1)N(C=N2)C3=NC4=C(C=CC=C4N5CCC(CC5)N)C=C3
72,CP-724714,537705-08-1,CP-724714,CP-724714,CC1=NC=C(C=C1)OC2=C(C=C(C=C2)NC3=NC=NC4=C3C=C(C=C4)/C=C/CNC(=O)COC)C
73,Crenolanib (CP-868596),670220-88-9,Crenolanib,CP-868596,CC1(COC1)COC2=CC3=C(C=C2)N(C=N3)C4=NC5=C(C=CC=C5N6CCC(CC6)N)C=C4
74,Crizotinib (PF-02341066),877399-52-5,Crizotinib,PF-02341066,C[C@H](C1=C(C=CC(=C1Cl)F)Cl)OC2=C(N=CC(=C2)C3=CN(N=C3)C4CCNCC4)N
75,CX-4945 (Silmitasertib),1009820-21-6,CX-4945,Silmitasertib,C1=CC(=CC(=C1)Cl)NC2=NC3=C(C=CC(=C3)C(=O)O)C4=C2C=CN=C4
76,CYC116,693228-63-6,CYC116,CYC116,CC1=C(SC(=N1)N)C2=NC(=NC=C2)NC3=CC=C(C=C3)N4CCOCC4
77,Cyt387,1056634-68-4,Cyt387,Cyt387,C1COCCN1C2=CC=C(C=C2)NC3=NC=CC(=N3)C4=CC=C(C=C4)C(=O)NCC#N
78,Dabrafenib (GSK2118436),1195765-45-7,Dabrafenib,GSK2118436,CC(C)(C)C1=NC(=C(S1)C2=NC(=NC=C2)N)C3=C(C(=CC=C3)NS(=O)(=O)C4=C(C=CC=C4F)F)F
79,Dacomitinib (PF299804 - PF-00299804),1110813-31-4,Dacomitinib,PF299804 - PF-00299804,COC1=C(C=C2C(=C1)N=CN=C2NC3=CC(=C(C=C3)F)Cl)NC(=O)/C=C/CN4CCCCC4
80,Danusertib (PHA-739358),827318-97-8,Danusertib,PHA-739358,CN1CCN(CC1)C2=CC=C(C=C2)C(=O)NC3=NNC4=C3CN(C4)C(=O)[C@@H](C5=CC=CC=C5)OC
81,Dasatinib (BMS-354825),302962-49-8,Dasatinib,BMS-354825,CC1=C(C(=CC=C1)Cl)NC(=O)C2=CN=C(S2)NC3=CC(=NC(=N3)C)N4CCN(CC4)CCO
82,DCC-2036 (Rebastinib),1020172-07-9,DCC-2036,Rebastinib,CC(C)(C)C1=NN(C(=C1)NC(=O)NC2=C(C=C(C=C2)OC3=CC(=NC=C3)C(=O)NC)F)C4=CC5=C(C=C4)N=CC=C5
83,Deforolimus (Ridaforolimus),572924-54-0,Deforolimus,Ridaforolimus,C[C@@H]1CC[C@H]2C[C@@H](/C(=C/C=C/C=C/[C@H](C[C@H](C(=O)[C@@H]([C@@H](/C(=C/[C@H](C(=O)C[C@H](OC(=O)[C@@H]3CCCCN3C(=O)C(=O)[C@@]1(O2)O)[C@H](C)C[C@@H]4CC[C@H]([C@@H](C4)OC)OP(=O)(C)C)C)/C)O)OC)C)C)/C)OC
84,Desmethyl Erlotinib (CP-473420),183320-51-6,Desmethyl Erlotinib,CP-473420,COCCOC1=C(C=C2C(=C1)N=CN=C2NC3=CC=CC(=C3)C#C)OCCO.Cl
85,Dinaciclib (SCH727965),779353-01-4,Dinaciclib,SCH727965,CCC1=C2N=C(C=C(N2N=C1)NCC3=C[N+](=CC=C3)[O-])N4CCCC[C@H]4CCO
86,Dovitinib (TKI-258),405169-16-6,Dovitinib,TKI-258,CN1CCN(CC1)C2=CC3=C(C=C2)N=C(N3)C4=C(C5=C(C=CC=C5F)NC4=O)N
87,Dovitinib Dilactic acid (TKI258 Dilactic acid),852433-84-2,Dovitinib Dilactic acid,TKI258 Dilactic acid,CC(C(=O)O)O.CC(C(=O)O)O.CN1CCN(CC1)C2=CC3=C(C=C2)N=C(N3)C4=C(C5=C(C=CC=C5F)NC4=O)N
88,E7080 (Lenvatinib),417716-92-8,E7080,Lenvatinib,COC1=CC2=NC=CC(=C2C=C1C(=O)N)OC3=CC(=C(C=C3)NC(=O)NC4CC4)Cl
89,ENMD-2076,1291074-87-7,ENMD-2076,ENMD-2076,CC1=CC(=NN1)NC2=CC(=NC(=N2)/C=C/C3=CC=CC=C3)N4CCN(CC4)C
90,Enzastaurin (LY317615),170364-57-5,Enzastaurin,LY317615,CN1C=C(C2=CC=CC=C21)C3=C(C(=O)NC3=O)C4=CN(C5=CC=CC=C54)C6CCN(CC6)CC7=CC=CC=N7
91,Erlotinib HCl,183319-69-9,Erlotinib HCl,Erlotinib HCl,COCCOC1=C(C=C2C(=C1)C(=NC=N2)NC3=CC=CC(=C3)C#C)OCCOC.Cl
92,Everolimus (RAD001),159351-69-6,Everolimus,RAD001,C[C@@H]1CC[C@H]2C[C@@H](/C(=C/C=C/C=C/[C@H](C[C@H](C(=O)[C@@H]([C@@H](/C(=C/[C@H](C(=O)C[C@H](OC(=O)[C@@H]3CCCCN3C(=O)C(=O)[C@@]1(O2)O)[C@H](C)C[C@@H]4CC[C@H]([C@@H](C4)OC)OCCO)C)/C)O)OC)C)C)/C)OC
93,Flavopiridol HCl,131740-09-5,Flavopiridol HCl,Flavopiridol HCl,CN1CC[C@@H]([C@@H](C1)O)C2=C(C=C(C3=C2OC(=CC3=O)C4=CC=CC=C4Cl)O)O.Cl
94,Foretinib (GSK1363089 - XL880),849217-64-7,Foretinib,GSK1363089 - XL880,COC1=CC2=C(C=CN=C2C=C1OCCCN3CCOCC3)OC4=C(C=C(C=C4)NC(=O)C5(CC5)C(=O)NC6=CC=C(C=C6)F)F
95,GDC-0068,1001264-89-6,GDC-0068,GDC-0068,C[C@@H]1C[C@H](C2=C1C(=NC=N2)N3CCN(CC3)C(=O)[C@H](CNC(C)C)C4=CC=C(C=C4)Cl)O
96,GDC-0879,905281-76-7,GDC-0879,GDC-0879,C1C/C(=N\O)/C2=C1C=C(C=C2)C3=CN(N=C3C4=CC=NC=C4)CCO
97,GDC-0941,957054-30-7,GDC-0941,GDC-0941,CS(=O)(=O)N1CCN(CC1)CC2=CC3=C(S2)C(=NC(=N3)C4=C5C=NNC5=CC=C4)N6CCOCC6
98,GDC-0980 (RG7422),1032754-93-0,GDC-0980,RG7422,CC1=C(SC2=C1N=C(N=C2N3CCOCC3)C4=CN=C(N=C4)N)CN5CCN(CC5)C(=O)[C@H](C)O
99,Gefitinib (Iressa),184475-35-2,Gefitinib,Iressa,COC1=C(C=C2C(=C1)N=CN=C2NC3=CC(=C(C=C3)F)Cl)OCCCN4CCOCC4
100,Golvatinib (E7050),928037-13-2,Golvatinib,E7050,CN1CCN(CC1)C2CCN(CC2)C(=O)NC3=NC=CC(=C3)OC4=CC(=C(C=C4)NC(=O)C5(CC5)C(=O)NC6=CC=C(C=C6)F)F
101,GSK1059615,958852-01-2,GSK1059615,GSK1059615,C1=CC2=NC=CC(=C2C=C1/C=C\3/C(=O)NC(=O)S3)C4=CC=NC=C4
102,GSK1070916,942918-07-2,GSK1070916,GSK1070916,CCN1C=C(C(=N1)C2=CC=C(C=C2)NC(=O)N(C)C)C3=C4C=C(NC4=NC=C3)C5=CC=CC(=C5)CN(C)C
103,GSK1120212 (Trametinib),871700-17-3,GSK1120212,Trametinib,CC1=C2C(=C(N(C1=O)C)NC3=C(C=C(C=C3)I)F)C(=O)N(C(=O)N2C4=CC=CC(=C4)NC(=O)C)C5CC5
104,GSK1838705A,1116235-97-2,GSK1838705A,GSK1838705A,CNC(=O)C1=C(C=CC=C1F)NC2=NC(=NC3=C2C=CN3)NC4=C(C=C5CCN(C5=C4)C(=O)CN(C)C)OC
105,GSK1904529A,1089283-49-7,GSK1904529A,GSK1904529A,CCC1=CC(=C(C=C1N2CCC(CC2)N3CCN(CC3)S(=O)(=O)C)OC)NC4=NC=CC(=N4)C5=C(N=C6N5C=CC=C6)C7=CC(=C(C=C7)OC)C(=O)NC8=C(C=CC=C8F)F
106,GSK2126458,1086062-66-9,GSK2126458,GSK2126458,COC1=C(C=C(C=N1)C2=CC3=C(C=CN=C3C=C2)C4=CN=NC=C4)NS(=O)(=O)C5=C(C=C(C=C5)F)F
107,GSK461364,929095-18-1,GSK461364,GSK461364,C[C@H](C1=CC=CC=C1C(F)(F)F)OC2=C(SC(=C2)N3C=NC4=C3C=C(C=C4)CN5CCN(CC5)C)C(=O)N
108,GSK690693,937174-76-0,GSK690693,GSK690693,CCN1C2=C(C(=NC=C2OC[C@H]3CCCNC3)C#CC(C)(C)O)N=C1C4=NON=C4N
109,Hesperadin,422513-13-1,Hesperadin,Hesperadin,CCS(=O)(=O)NC1=CC2=C(C=C1)NC(=C2C(=NC3=CC=C(C=C3)CN4CCCCC4)C5=CC=CC=C5)O
110,HMN-214,173529-46-9,HMN-214,HMN-214,CC(=O)N(C1=CC=CC=C1/C=C/C2=CC=[N+](C=C2)[O-])S(=O)(=O)C3=CC=C(C=C3)OC
111,IC-87114,371242-69-2,IC-87114,IC-87114,CC1=C2C(=CC=C1)N=C(N(C2=O)C3=CC=CC=C3C)CN4C=NC5=C(N=CN=C54)N
112,Imatinib (Gleevec),152459-95-5,Imatinib,Gleevec,CC1=C(C=C(C=C1)NC(=O)C2=CC=C(C=C2)CN3CCN(CC3)C)NC4=NC=CC(=N4)C5=CN=CC=C5
113,Imatinib Mesylate,220127-57-1,Imatinib Mesylate,Imatinib Mesylate,CC1=C(C=C(C=C1)NC(=O)C2=CC=C(C=C2)CN3CCN(CC3)C)NC4=NC=CC(=N4)C5=CN=CC=C5.CS(=O)(=O)O
114,IMD 0354,978-62-1,IMD 0354,IMD 0354,C1=CC(=C(C=C1Cl)C(=O)NC2=CC(=CC(=C2)C(F)(F)F)C(F)(F)F)O
115,INCB28060,1029712-80-8,INCB28060,INCB28060,CNC(=O)C1=C(C=C(C=C1)C2=NN3C(=CN=C3N=C2)CC4=CC5=C(C=C4)N=CC=C5)F
116,Indirubin,479-41-4,Indirubin,Indirubin,C1=CC=C2C(=C1)C(=C(N2)O)C3=NC4=CC=CC=C4C3=O
117,INK 128 (MLN0128),1224844-38-5,INK 128,MLN0128,CC(C)N1C2=NC=NC(=C2C(=N1)C3=CC4=C(C=C3)OC(=N4)N)N
118,JNJ-38877605,943540-75-8,JNJ-38877605,JNJ-38877605,CN1C=C(C=N1)C2=NN3C(=NN=C3C(C4=CC5=C(C=C4)N=CC=C5)(F)F)C=C2
119,JNJ-7706621,443797-96-4,JNJ-7706621,JNJ-7706621,C1=CC(=C(C(=C1)F)C(=O)N2C(=NC(=N2)NC3=CC=C(C=C3)S(=O)(=O)N)N)F
120,Ki8751,228559-41-9,Ki8751,Ki8751,COC1=CC2=C(C=CN=C2C=C1OC)OC3=CC(=C(C=C3)NC(=O)NC4=C(C=C(C=C4)F)F)F
121,KRN 633,286370-15-8,KRN 633,KRN 633,CCCNC(=O)NC1=C(C=C(C=C1)OC2=NC=NC3=CC(=C(C=C32)OC)OC)Cl
122,Ku-0063794,938440-64-3,Ku-0063794,Ku-0063794,C[C@@H]1CN(C[C@@H](O1)C)C2=NC3=C(C=CC(=N3)C4=CC(=C(C=C4)OC)CO)C(=N2)N5CCOCC5
123,KU-55933,587871-26-9,KU-55933,KU-55933,C1COCCN1C2=CC(=O)C=C(O2)C3=C4C(=CC=C3)SC5=CC=CC=C5S4
124,KU-60019,925701-49-1,KU-60019,KU-60019,C[C@@H]1CN(C[C@@H](O1)C)CC(=O)NC2=CC3=C(C=C2)SC4=C(C3)C=CC=C4C5=CC(=O)C=C(O5)N6CCOCC6
125,KW 2449,1000669-72-6,KW 2449,KW 2449,C1CN(CCN1)C(=O)C2=CC=C(C=C2)/C=C/C3=NNC4=CC=CC=C43
126,KX2-391,897016-82-9,KX2-391,KX2-391,C1COCCN1CCOC2=CC=C(C=C2)C3=CN=C(C=C3)CC(=O)NCC4=CC=CC=C4
127,Lapatinib Ditosylate (Tykerb),388082-77-7,Lapatinib Ditosylate,Tykerb,CC1=CC=C(C=C1)S(=O)(=O)O.CC1=CC=C(C=C1)S(=O)(=O)O.CS(=O)(=O)CCNCC1=CC=C(O1)C2=CC3=C(C=C2)N=CN=C3NC4=CC(=C(C=C4)OCC5=CC(=CC=C5)F)Cl
128,LDN193189,1062368-24-4,LDN193189,LDN193189,C1CN(CCN1)C2=CC=C(C=C2)C3=CN4C(=C(C=N4)C5=CC=NC6=CC=CC=C56)N=C3
129,Linifanib (ABT-869),796967-16-3,Linifanib,ABT-869,CC1=CC(=C(C=C1)F)NC(=O)NC2=CC=C(C=C2)C3=C4C(=CC=C3)NN=C4N
130,Linsitinib (OSI-906),867160-71-2,Linsitinib,OSI-906,CC1(CC(C1)C2=NC(=C3N2C=CN=C3N)C4=CC5=C(C=C4)C=CC(=N5)C6=CC=CC=C6)O
131,LY2228820,862507-23-1,LY2228820,LY2228820,CC(C)(C)CN1C2=C(C=CC(=N2)C3=C(N=C(N3)C(C)(C)C)C4=CC=C(C=C4)F)N=C1N.CS(=O)(=O)O.CS(=O)(=O)O
132,LY2603618 (IC-83),911222-45-2,LY2603618,IC-83,CC1=CC(=C(C=C1Br)NC(=O)NC2=NC=C(N=C2)C)OC[C@@H]3CNCCO3
133,LY2784544,1229236-86-5,LY2784544,LY2784544,CC1=CC(=NN1)NC2=NN3C(=C(N=C3C(=C2)CN4CCOCC4)C)CC5=C(C=C(C=C5)Cl)F
134,LY294002,154447-36-6,LY294002,LY294002,C1COCCN1C2=CC(=O)C3=C(O2)C(=CC=C3)C4=CC=CC=C4
135,Masitinib (AB1010),790299-79-5,Masitinib,AB1010,CC1=C(C=C(C=C1)NC(=O)C2=CC=C(C=C2)CN3CCN(CC3)C)NC4=NC(=CS4)C5=CN=CC=C5
136,MGCD-265,875337-44-3,MGCD-265,MGCD-265,CN1C=C(N=C1)C2=CC3=NC=CC(=C3S2)OC4=C(C=C(C=C4)NC(=S)NC(=O)CC5=CC=CC=C5)F
137,Milciclib (PHA-848125),802539-81-7,Milciclib,PHA-848125,CC1(CC2=CN=C(N=C2C3=C1C(=NN3C)C(=O)NC)NC4=CC=C(C=C4)N5CCN(CC5)C)C
138,MK-2206 2HCl,1032350-13-2,MK-2206 2HCl,MK-2206 2HCl,C1CC(C1)(C2=CC=C(C=C2)C3=C(C=C4C(=N3)C=CN5C4=NNC5=O)C6=CC=CC=C6)N.Cl.Cl
139,MK-2461,917879-39-1,MK-2461,MK-2461,CN1C=C(C=N1)C2=CC3=C(C=CC4=C(C3=O)C=C(C=C4)NS(=O)(=O)N(C)C[C@@H]5COCCO5)N=C2
140,MK-5108 (VX-689),1010085-13-8,MK-5108,VX-689,C1CC(CCC1OC2=C(C(=CC=C2)Cl)F)(CC3=NC(=CC=C3)NC4=NC=CS4)C(=O)O
141,MLN8054,869363-13-3,MLN8054,MLN8054,C1C2=CN=C(N=C2C3=C(C=C(C=C3)Cl)C(=N1)C4=C(C=CC=C4F)F)NC5=CC=C(C=C5)C(=O)O
142,MLN8237 (Alisertib),1028486-01-2,MLN8237,Alisertib,COC1=C(C(=CC=C1)F)C2=NCC3=CN=C(N=C3C4=C2C=C(C=C4)Cl)NC5=CC(=C(C=C5)C(=O)O)OC
143,Motesanib Diphosphate (AMG-706),857876-30-3,Motesanib Diphosphate,AMG-706,CC1(CNC2=C1C=CC(=C2)NC(=O)C3=C(N=CC=C3)NCC4=CC=NC=C4)C.OP(=O)(O)O.OP(=O)(O)O
144,Mubritinib (TAK 165),366017-09-6,Mubritinib,TAK 165,C1=CC(=CC=C1CCCCN2C=CN=N2)OCC3=COC(=N3)/C=C/C4=CC=C(C=C4)C(F)(F)F
145,Neratinib (HKI-272),698387-09-6,Neratinib,HKI-272,CCOC1=C(C=C2C(=C1)N=CC(=C2NC3=CC(=C(C=C3)OCC4=CC=CC=N4)Cl)C#N)NC(=O)/C=C/CN(C)C
146,Nilotinib (AMN-107),641571-10-0,Nilotinib,AMN-107,CC1=C(C=C(C=C1)C(=O)NC2=CC(=CC(=C2)C(F)(F)F)N3C=C(N=C3)C)NC4=NC=CC(=N4)C5=CN=CC=C5
147,NU7441 (KU-57788),503468-95-9,NU7441,KU-57788,C1COCCN1C2=CC(=O)C3=C(O2)C(=CC=C3)C4=CC=CC5=C4SC6=CC=CC=C56
148,NVP-ADW742,475488-23-4,NVP-ADW742,NVP-ADW742,C1CCN(C1)CC2CC(C2)N3C=C(C4=C(N=CN=C43)N)C5=CC(=CC=C5)OCC6=CC=CC=C6
149,NVP-BGT226,1245537-68-1,NVP-BGT226,NVP-BGT226,CN1C2=CN=C3C=CC(=CC3=C2N(C1=O)C4=CC(=C(C=C4)N5CCNCC5)C(F)(F)F)C6=CN=C(C=C6)OC.C(=C\C(=O)O)\C(=O)O
150,NVP-BHG712,940310-85-0,NVP-BHG712,NVP-BHG712,CC1=C(C=C(C=C1)C(=O)NC2=CC=CC(=C2)C(F)(F)F)NC3=C4C=NN(C4=NC(=N3)C5=CN=CC=C5)C
151,NVP-BSK805,1092499-93-8,NVP-BSK805,NVP-BSK805,C1CNCCC1N2C=C(C=N2)C3=NC4=C(C=CC=C4N=C3)C5=CC(=C(C(=C5)F)CN6CCOCC6)F
152,NVP-BVU972,1185763-69-2,NVP-BVU972,NVP-BVU972,CN1C=C(C=N1)C2=NN3C(=NC=C3CC4=CC5=C(C=C4)N=CC=C5)C=C2
153,NVP-TAE226,761437-28-9,NVP-TAE226,NVP-TAE226,CNC(=O)C1=CC=CC=C1NC2=NC(=NC=C2Cl)NC3=C(C=C(C=C3)N4CCOCC4)OC
154,ON-01910,1225497-78-8,ON-01910,ON-01910,COC1=C(C=C(C=C1)CS(=O)(=O)/C=C/C2=C(C=C(C=C2OC)OC)OC)NCC(=O)[O-].[Na+]
155,OSI-027,936890-98-1,OSI-027,OSI-027,COC1=CC=CC2=C1NC(=C2)C3=C4C(=NC=NN4C(=N3)C5CCC(CC5)C(=O)O)N
156,OSI-420,183320-51-6,OSI-420,OSI-420,COCCOC1=C(C=C2C(=C1)N=CN=C2NC3=CC=CC(=C3)C#C)OCCO.Cl
157,OSI-930,728033-96-3,OSI-930,OSI-930,C1=CC=C2C(=C1)C(=CC=N2)CNC3=C(SC=C3)C(=O)NC4=CC=C(C=C4)OC(F)(F)F
158,OSU-03012,742112-33-0,OSU-03012,OSU-03012,C1=CC=C2C(=C1)C=CC3=C2C=CC(=C3)C4=CC(=NN4C5=CC=C(C=C5)NC(=O)CN)C(F)(F)F
159,Palomid 529,914913-88-5,Palomid 529,Palomid 529,CC(C1=CC2=C(C=C1)C3=CC(=C(C=C3OC2=O)OCC4=CC=C(C=C4)OC)OC)O
160,Pazopanib HCl,635702-64-6,Pazopanib HCl,Pazopanib HCl,CC1=C(C=C(C=C1)NC2=NC=CC(=N2)N(C)C3=CC4=NN(C(=C4C=C3)C)C)S(=O)(=O)N.Cl
161,PCI-32765 (Ibrutinib),936563-96-1,PCI-32765,Ibrutinib,C=CC(=O)N1CCC[C@H](C1)N2C3=NC=NC(=C3C(=N2)C4=CC=C(C=C4)OC5=CC=CC=C5)N
162,PD 0332991 (Palbociclib) HCl,827022-32-2,PD 0332991 HCl,Palbociclib,CC1=C(C(=O)N(C2=NC(=NC=C12)NC3=NC=C(C=C3)N4CCNCC4)C5CCCC5)C(=O)C.Cl
163,PD0325901,391210-10-9,PD0325901,PD0325901,C1=CC(=C(C=C1I)F)NC2=C(C=CC(=C2F)F)C(=O)NOC[C@@H](CO)O
164,PD153035 HCl,183322-45-4,PD153035 HCl,PD153035 HCl,COC1=C(C=C2C(=C1)C(=NC=N2)NC3=CC(=CC=C3)Br)OC.Cl
165,PD173074,219580-11-7,PD173074,PD173074,CCN(CC)CCCCNC1=NC2=NC(=C(C=C2C=N1)C3=CC(=CC(=C3)OC)OC)NC(=O)NC(C)(C)C
166,PD318088,391210-00-7,PD318088,PD318088,C1=CC(=C(C=C1I)F)NC2=C(C(=C(C=C2C(=O)NOCC(CO)O)Br)F)F
167,PD98059,167869-21-8,PD98059,PD98059,COC1=CC=CC(=C1N)C2=CC(=O)C3=CC=CC=C3O2
168,Pelitinib (EKB-569),257933-82-7,Pelitinib,EKB-569,CCOC1=C(C=C2C(=C1)N=CC(=C2NC3=CC(=C(C=C3)F)Cl)C#N)NC(=O)/C=C/CN(C)C
169,PF-00562271,939791-38-5,PF-00562271,PF-00562271,CN(C1=C(C=CC=N1)CNC2=NC(=NC=C2C(F)(F)F)NC3=CC4=C(C=C3)NC(=O)C4)S(=O)(=O)C.C1=CC=C(C=C1)S(=O)(=O)O
170,PF-03814735,942487-16-3,PF-03814735,PF-03814735,CC(=O)NCC(=O)N1[C@H]2CC[C@@H]1C3=C2C=CC(=C3)NC4=NC=C(C(=N4)NC5CCC5)C(F)(F)F
171,PF-04217903,956905-27-4,PF-04217903,PF-04217903,C1=CC2=C(C=CC(=C2)CN3C4=NC(=CN=C4N=N3)C5=CN(N=C5)CCO)N=C1
172,PF-04691502,1013101-36-4,PF-04691502,PF-04691502,CC1=C2C=C(C(=O)N(C2=NC(=N1)N)C3CCC(CC3)OCCO)C4=CN=C(C=C4)OC
173,PF-05212384 (PKI-587),1197160-78-3,PF-05212384,PKI-587,CN(C)C1CCN(CC1)C(=O)C2=CC=C(C=C2)NC(=O)NC3=CC=C(C=C3)C4=NC(=NC(=N4)N5CCOCC5)N6CCOCC6
174,PH-797804,586379-66-0,PH-797804,PH-797804,CC1=C(C=C(C=C1)C(=O)NC)N2C(=CC(=C(C2=O)Br)OCC3=C(C=C(C=C3)F)F)C
175,PHA-665752,477575-56-7,PHA-665752,PHA-665752,CC1=C(NC(=C1C(=O)N2CCC[C@@H]2CN3CCCC3)C)/C=C\4/C5=C(C=CC(=C5)S(=O)(=O)CC6=C(C=CC=C6Cl)Cl)NC4=O
176,PHA-680632,398493-79-3,PHA-680632,PHA-680632,CCC1=C(C(=CC=C1)CC)NC(=O)N2CC3=C(C2)NN=C3NC(=O)C4=CC=C(C=C4)N5CCN(CC5)C
177,PHA-767491,845714-00-3,PHA-767491,PHA-767491,C1CNC(=O)C2=C1NC(=C2)C3=CC=NC=C3
178,PHA-793887,718630-59-2,PHA-793887,PHA-793887,CC(C)CC(=O)NC1=NNC2=C1CN(C2(C)C)C(=O)C3CCN(CC3)C
179,Phenformin HCl,834-28-6,Phenformin HCl,Phenformin HCl,C1=CC=C(C=C1)CCN=C(N)N=C(N)N.Cl
180,PHT-427,1191951-57-1,PHT-427,PHT-427,CCCCCCCCCCCCC1=CC=C(C=C1)S(=O)(=O)NC2=NN=CS2
181,PI-103,371935-74-9,PI-103,PI-103,C1COCCN1C2=NC(=NC3=C2OC4=C3C=CC=N4)C5=CC(=CC=C5)O
182,Piceatannol,10083-24-6,Piceatannol,Piceatannol,C1=CC(=C(C=C1/C=C/C2=CC(=CC(=C2)O)O)O)O
183,PIK-293,900185-01-5,PIK-293,PIK-293,CC1=C2C(=CC=C1)N=C(N(C2=O)C3=CC=CC=C3C)CN4C5=NC=NC(=C5C=N4)N
184,PIK-294,900185-02-6,PIK-294,PIK-294,CC1=C2C(=CC=C1)N=C(N(C2=O)C3=CC=CC=C3C)CN4C5=NC=NC(=C5C(=N4)C6=CC(=CC=C6)O)N
185,PIK-75,372196-77-5,PIK-75,PIK-75,CC1=C(C=C(C=C1)[N+](=O)[O-])S(=O)(=O)N(C)/N=C/C2=CN=C3N2C=C(C=C3)Br.Cl
186,PIK-90,677338-12-4,PIK-90,PIK-90,COC1=C(C2=NC(=NC(=O)C3=CN=CC=C3)N4CCNC4=C2C=C1)OC
187,PIK-93,593960-11-3,PIK-93,PIK-93,CC1=C(SC(=N1)NC(=O)C)C2=CC(=C(C=C2)Cl)S(=O)(=O)NCCO
188,PKI-402,1173204-81-3,PKI-402,PKI-402,CCN1C2=C(C(=NC(=N2)C3=CC=C(C=C3)NC(=O)NC4=CC=C(C=C4)C(=O)N5CCN(CC5)C)N6CCOCC6)N=N1
189,PLX-4720,918505-84-7,PLX-4720,PLX-4720,CCCS(=O)(=O)NC1=C(C(=C(C=C1)F)C(=O)C2=CNC3=C2C=C(C=N3)Cl)F
190,Ponatinib (AP24534),943319-70-8,Ponatinib,AP24534,CC1=C(C=C(C=C1)C(=O)NC2=CC(=C(C=C2)CN3CCN(CC3)C)C(F)(F)F)C#CC4=CN=C5N4N=CC=C5
191,PP-121,1092788-83-4,PP-121,PP-121,C1CCC(C1)N2C3=NC=NC(=C3C(=N2)C4=CN=C5C(=C4)C=CN5)N
192,PP242,1092351-67-1,PP242,PP242,CC(C)N1C2=NC=NC(=C2C(=N1)C3=CC4=C(N3)C=CC(=C4)O)N
193,Quercetin (Sophoretin),117-39-5,Quercetin,Sophoretin,C1=CC(=C(C=C1C2=C(C(=O)C3=C(C=C(C=C3O2)O)O)O)O)O
194,Quizartinib (AC220),950769-58-1,Quizartinib,AC220,CC(C)(C)C1=CC(=NO1)NC(=O)NC2=CC=C(C=C2)C3=CN4C5=C(C=C(C=C5)OCCN6CCOCC6)SC4=N3
195,R406,841290-81-1,R406,R406,CC1(C(=O)NC2=C(O1)C=CC(=N2)NC3=NC(=NC=C3F)NC4=CC(=C(C(=C4)OC)OC)OC)C.C1=CC=C(C=C1)S(=O)(=O)O
196,R406 (free base),841290-80-0,R406,free base,CC1(C(=O)NC2=C(O1)C=CC(=N2)NC3=NC(=NC=C3F)NC4=CC(=C(C(=C4)OC)OC)OC)C
197,R788 (Fostamatinib),901119-35-5,R788,Fostamatinib,CC1(C(=O)N(C2=C(O1)C=CC(=N2)NC3=NC(=NC=C3F)NC4=CC(=C(C(=C4)OC)OC)OC)COP(=O)(O)O)C
198,R935788 (Fostamatinib disodium - R788 disodium),1025687-58-4,R935788,Fostamatinib disodium - R788 disodium,CC1(C(=O)N(C2=C(O1)C=CC(=N2)NC3=NC(=NC=C3F)NC4=CC(=C(C(=C4)OC)OC)OC)COP(=O)([O-])[O-])C.[Na+].[Na+]
199,Raf265 derivative,n.a.;SelleckchemCat.No.S2200,Raf265 derivative,Raf265 derivative,C1=CC(=CC=C1C(F)(F)F)NC2=NC3=C(N2)C=C(C=C3)OC4=CC(=NC=C4)C5=NC=C(N5)C(F)(F)F
200,Rapamycin (Sirolimus),53123-88-9,Rapamycin,Sirolimus,C[C@@H]1CC[C@H]2C[C@@H](/C(=C/C=C/C=C/[C@H](C[C@H](C(=O)[C@@H]([C@@H](/C(=C/[C@H](C(=O)C[C@H](OC(=O)[C@@H]3CCCCN3C(=O)C(=O)[C@@]1(O2)O)[C@H](C)C[C@@H]4CC[C@H]([C@@H](C4)OC)O)C)/C)O)OC)C)C)/C)OC
201,Roscovitine (Seliciclib - CYC202),186692-46-6,Roscovitine,Seliciclib - CYC202,CC[C@H](CO)NC1=NC(=C2C(=N1)N(C=N2)C(C)C)NCC3=CC=CC=C3
202,Ruxolitinib (INCB018424),941678-49-5,Ruxolitinib,INCB018424,C1CCC(C1)[C@@H](CC#N)N2C=C(C=N2)C3=C4C=CNC4=NC=N3
203,SAR131675,1433953-83-3,SAR131675,SAR131675,CCN1C(=C(C(=O)C2=C1N=C(C=C2)C#C[C@](C)(COC)O)C(=O)NC)N
204,Saracatinib (AZD0530),379231-04-6,Saracatinib,AZD0530,CN1CCN(CC1)CCOC2=CC3=C(C(=C2)OC4CCOCC4)C(=NC=N3)NC5=C(C=CC6=C5OCO6)Cl
205,SB 202190,152121-30-7,SB 202190,SB 202190,C1=CC(=CC=C1C2=NC(=C(N2)C3=CC=NC=C3)C4=CC=C(C=C4)F)O
206,SB 203580,152121-47-6,SB 203580,SB 203580,CS(=O)C1=CC=C(C=C1)C2=NC(=C(N2)C3=CC=NC=C3)C4=CC=C(C=C4)F
207,SB 216763,280744-09-4,SB 216763,SB 216763,CN1C=C(C2=CC=CC=C21)C3=C(C(=O)NC3=O)C4=C(C=C(C=C4)Cl)Cl
208,SB 415286,264218-23-7,SB 415286,SB 415286,C1=CC=C(C(=C1)C2=C(C(=O)NC2=O)NC3=CC(=C(C=C3)O)Cl)[N+](=O)[O-]
209,SB 431542,301836-41-9,SB 431542,SB 431542,C1OC2=C(O1)C=C(C=C2)C3=C(NC(=N3)C4=CC=C(C=C4)C(=O)N)C5=CC=CC=N5
210,SB 525334,356559-20-1,SB 525334,SB 525334,CC1=NC(=CC=C1)C2=C(N=C(N2)C(C)(C)C)C3=CC4=NC=CN=C4C=C3
211,SB590885,405554-55-4,SB590885,SB590885,CN(C)CCOC1=CC=C(C=C1)C2=NC(=C(N2)C3=CC=NC=C3)C4=CC5=C(C=C4)/C(=N/O)/CC5
212,Semaxanib (SU5416),194413-58-6,Semaxanib,SU5416,CC1=CC(=C(N1)/C=C\2/C3=CC=CC=C3NC2=O)C
213,SGX-523,1022150-57-7,SGX-523,SGX-523,CN1C=C(C=N1)C2=NN3C(=NN=C3SC4=CC5=C(C=C4)N=CC=C5)C=C2
214,SNS-032 (BMS-387032),345627-80-7,SNS-032,BMS-387032,CC(C)(C)C1=CN=C(O1)CSC2=CN=C(S2)NC(=O)C3CCNCC3
215,SNS-314,1146618-41-8,SNS-314,SNS-314,CS(=O)(=O)O.C1=CC(=CC(=C1)Cl)NC(=O)NC2=NC=C(S2)CCNC3=NC=NC4=C3SC=C4
216,Sotrastaurin (AEB071),425637-18-9,Sotrastaurin,AEB071,CN1CCN(CC1)C2=NC3=CC=CC=C3C(=N2)C4=C(C(=O)NC4=O)C5=CNC6=CC=CC=C65
217,SP600125,129-56-6,SP600125,SP600125,C1=CC=C2C(=C1)C3=NNC4=CC=CC(=C43)C2=O
218,Staurosporine,62996-74-1,Staurosporine,Staurosporine,C[C@@]12[C@@H]([C@@H](C[C@@H](O1)N3C4=CC=CC=C4C5=C6C(=C7C8=CC=CC=C8N2C7=C53)CNC6=O)NC)OC
219,SU11274,658084-23-2,SU11274,SU11274,CC1=C(NC(=C1C(=O)N2CCN(CC2)C)C)/C=C\3/C4=C(C=CC(=C4)S(=O)(=O)N(C)C5=CC(=CC=C5)Cl)NC3=O
220,Sunitinib Malate (Sutent),341031-54-7,Sunitinib Malate,Sutent,CCN(CC)CCNC(=O)C1=C(NC(=C1C)/C=C\2/C3=C(C=CC(=C3)F)NC2=O)C.C([C@@H](C(=O)O)O)C(=O)O
221,TAE684 (NVP-TAE684),761439-42-3,TAE684,NVP-TAE684,CC(C)S(=O)(=O)C1=CC=CC=C1NC2=NC(=NC=C2Cl)NC3=C(C=C(C=C3)N4CCC(CC4)N5CCN(CC5)C)OC
222,TAK-285,871026-44-7,TAK-285,TAK-285,CC(C)(CC(=O)NCCN1C=CC2=C1C(=NC=N2)NC3=CC(=C(C=C3)OC4=CC=CC(=C4)C(F)(F)F)Cl)O
223,TAK-733,1035555-63-5,TAK-733,TAK-733,CN1C2=C(C(=C(C1=O)F)NC3=C(C=C(C=C3)I)F)C(=O)N(C=N2)C[C@H](CO)O
224,TAK-901,934541-31-8,TAK-901,TAK-901,CCS(=O)(=O)C1=CC=CC(=C1)C2=CC(=C(C3=C2C4=C(N3)N=CC(=C4)C)C)C(=O)NC5CCN(CC5)C
225,Tandutinib (MLN518),387867-13-2,Tandutinib,MLN518,CC(C)OC1=CC=C(C=C1)NC(=O)N2CCN(CC2)C3=NC=NC4=CC(=C(C=C43)OC)OCCCN5CCCCC5
226,Temsirolimus (Torisel),162635-04-3,Temsirolimus,Torisel,C[C@@H]1CC[C@H]2C[C@@H](/C(=C/C=C/C=C/[C@H](C[C@H](C(=O)[C@@H]([C@@H](/C(=C/[C@H](C(=O)C[C@H](OC(=O)[C@@H]3CCCCN3C(=O)C(=O)[C@@]1(O2)O)[C@H](C)C[C@@H]4CC[C@H]([C@@H](C4)OC)OC(=O)C(C)(CO)CO)C)/C)O)OC)C)C)/C)OC
227,TG 100713,925705-73-3,TG 100713,TG 100713,C1=CC(=CC(=C1)O)C2=CN=C3C(=N2)C(=NC(=N3)N)N
228,TG100-115,677297-51-7,TG100-115,TG100-115,C1=CC(=CC(=C1)O)C2=NC3=C(N=C(N=C3N=C2C4=CC(=CC=C4)O)N)N
229,TG101209,936091-14-4,TG101209,TG101209,CC1=CN=C(N=C1NC2=CC(=CC=C2)S(=O)(=O)NC(C)(C)C)NC3=CC=C(C=C3)N4CCN(CC4)C
230,TG101348 (SAR302503),936091-26-8,TG101348,SAR302503,CC1=CN=C(N=C1NC2=CC(=CC=C2)S(=O)(=O)NC(C)(C)C)NC3=CC=C(C=C3)OCCN4CCCC4
231,TGX-221,663619-89-4,TGX-221,TGX-221,CC1=CN2C(=O)C=C(N=C2C(=C1)C(C)NC3=CC=CC=C3)N4CCOCC4
232,Thiazovivin,1226056-71-8,Thiazovivin,Thiazovivin,C1=CC=C(C=C1)CNC(=O)C2=CSC(=N2)NC3=NC=NC=C3
233,Tideglusib,865854-05-3,Tideglusib,Tideglusib,C1=CC=C(C=C1)CN2C(=O)N(SC2=O)C3=CC=CC4=CC=CC=C43
234,Tie2 kinase inhibitor,948557-43-5,Tie2 kinase inhibitor,Tie2 kinase inhibitor,COC1=CC2=C(C=C1)C=C(C=C2)C3=C(NC(=N3)C4=CC=C(C=C4)S(=O)C)C5=CC=NC=C5
235,Tivozanib (AV-951),475108-18-0,Tivozanib,AV-951,CC1=CC(=NO1)NC(=O)NC2=C(C=C(C=C2)OC3=C4C=C(C(=CC4=NC=C3)OC)OC)Cl
236,Tofacitinib (CP-690550 - Tasocitinib),477600-75-2,Tofacitinib,CP-690550 - Tasocitinib,C[C@@H]1CCN(C[C@@H]1N(C)C2=NC=NC3=C2C=CN3)C(=O)CC#N
237,Tofacitinib citrate (CP-690550 citrate),540737-29-9,Tofacitinib citrate,CP-690550 citrate,C[C@@H]1CCN(C[C@@H]1N(C)C2=NC=NC3=C2C=CN3)C(=O)CC#N.C(C(=O)O)C(CC(=O)O)(C(=O)O)O
238,Torin 1,1222998-36-8,Torin 1,Torin 1,CCC(=O)N1CCN(CC1)C2=C(C=C(C=C2)N3C(=O)C=CC4=CN=C5C=CC(=CC5=C43)C6=CC7=CC=CC=C7N=C6)C(F)(F)F
239,Torin 2,1223001-51-1,Torin 2,Torin 2,C1=CC(=CC(=C1)N2C(=O)C=CC3=CN=C4C=CC(=CC4=C32)C5=CN=C(C=C5)N)C(F)(F)F
240,TPCA-1,507475-17-4,TPCA-1,TPCA-1,C1=CC(=CC=C1C2=CC(=C(S2)NC(=O)N)C(=O)N)F
241,Triciribine (Triciribine phosphate),35943-35-2,Triciribine,Triciribine phosphate,CN1C2=NC=NC3=C2C(=CN3[C@H]4[C@@H]([C@@H]([C@H](O4)CO)O)O)C(=N1)N
242,TSU-68 (SU6668),252916-29-3,TSU-68,SU6668,CC1=C(NC(=C1CCC(=O)O)C)/C=C\2/C3=CC=CC=C3NC2=O
243,TWS119,601514-19-6,TWS119,TWS119,C1=CC(=CC(=C1)N)C2=CC3=C(N2)N=CN=C3OC4=CC=CC(=C4)O
244,Tyrphostin AG 879 (AG 879),148741-30-4,Tyrphostin AG 879,AG 879,CC(C)(C)C1=CC(=CC(=C1O)C(C)(C)C)/C=C(\C#N)/C(=S)N
245,U0126-EtOH,1173097-76-1,U0126-EtOH,U0126-EtOH,CCO.C1=CC=C(C(=C1)N)S/C(=C(/C(=C(/SC2=CC=CC=C2N)\N)/C#N)\C#N)/N
246,Vandetanib (Zactima),443913-73-3,Vandetanib,Zactima,CN1CCC(CC1)COC2=C(C=C3C(=C2)N=CN=C3NC4=C(C=C(C=C4)Br)F)OC
247,Vatalanib 2HCl (PTK787),212141-51-0,Vatalanib 2HCl,PTK787,C1=CC=C2C(=C1)C(=NN=C2NC3=CC=C(C=C3)Cl)CC4=CC=NC=C4.Cl.Cl
248,Vemurafenib (PLX4032),918504-65-1,Vemurafenib,PLX4032,CCCS(=O)(=O)NC1=C(C(=C(C=C1)F)C(=O)C2=CNC3=C2C=C(C=N3)C4=CC=C(C=C4)Cl)F
249,VX-680 (MK-0457 - Tozasertib),639089-54-6,VX-680,MK-0457 - Tozasertib,CC1=CC(=NN1)NC2=CC(=NC(=N2)SC3=CC=C(C=C3)NC(=O)C4CC4)N5CCN(CC5)C
250,VX-702,745833-23-2,VX-702,VX-702,C1=CC(=C(C(=C1)F)N(C2=NC(=C(C=C2)C(=O)N)C3=C(C=C(C=C3)F)F)C(=O)N)F
251,WAY-600,1062159-35-6,WAY-600,WAY-600,C1CN(CCC1N2C3=C(C=N2)C(=NC(=N3)C4=CC5=C(C=C4)NC=C5)N6CCOCC6)CC7=CN=CC=C7
252,WHI-P154,211555-04-3,WHI-P154,WHI-P154,COC1=C(C=C2C(=C1)C(=NC=N2)NC3=CC(=C(C=C3)O)Br)OC
253,Wortmannin,19545-26-7,Wortmannin,Wortmannin,CC(=O)O[C@@H]1C[C@]2([C@@H](CCC2=O)C3=C1[C@]4([C@H](OC(=O)C5=COC(=C54)C3=O)COC)C)C
254,WP1066,857064-38-1,WP1066,WP1066,C[C@@H](C1=CC=CC=C1)NC(=O)/C(=C/C2=NC(=CC=C2)Br)/C#N
255,WP1130,856243-80-6,WP1130,WP1130,CCC[C@@H](C1=CC=CC=C1)NC(=O)/C(=C/C2=NC(=CC=C2)Br)/C#N
256,WYE-125132,1144068-46-1,WYE-125132,WYE-125132,CNC(=O)NC1=CC=C(C=C1)C2=NC3=C(C=NN3C4CCC5(CC4)OCCO5)C(=N2)N6CC7CCC(C6)O7
257,WYE-354,1062169-56-5,WYE-354,WYE-354,COC(=O)NC1=CC=C(C=C1)C2=NC3=C(C=NN3C4CCN(CC4)C(=O)OC)C(=N2)N5CCOCC5
258,WYE-687,1062161-90-3,WYE-687,WYE-687,COC(=O)NC1=CC=C(C=C1)C2=NC3=C(C=NN3C4CCN(CC4)CC5=CN=CC=C5)C(=N2)N6CCOCC6
259,WZ3146,1214265-56-1,WZ3146,WZ3146,CN1CCN(CC1)C2=CC=C(C=C2)NC3=NC=C(C(=N3)OC4=CC=CC(=C4)NC(=O)C=C)Cl
260,WZ4002,1213269-23-8,WZ4002,WZ4002,CN1CCN(CC1)C2=CC(=C(C=C2)NC3=NC=C(C(=N3)OC4=CC=CC(=C4)NC(=O)C=C)Cl)OC
261,WZ8040,1214265-57-2,WZ8040,WZ8040,CN1CCN(CC1)C2=CC=C(C=C2)NC3=NC=C(C(=N3)SC4=CC=CC(=C4)NC(=O)C=C)Cl
262,XL147,956958-53-5,XL147,XL147,CC1=CC=C(C=C1)S(=O)(=O)NC2=NC3=CC=CC=C3N=C2NC4=CC5=NSN=C5C=C4
263,XL-184 (Cabozantinib),849217-68-1,XL-184,Cabozantinib,COC1=CC2=C(C=CN=C2C=C1OC)OC3=CC=C(C=C3)NC(=O)C4(CC4)C(=O)NC5=CC=C(C=C5)F
264,XL765,1349796-36-6,XL765,XL765,CC1=C(C=C(C=C1)C(=O)NC2=CC=C(C=C2)S(=O)(=O)NC3=NC4=CC=CC=C4N=C3NC5=CC(=CC(=C5)OC)OC)OC
265,Y-27632 2HCl,129830-38-2,Y-27632 2HCl,Y-27632 2HCl,C[C@H](C1CCC(CC1)C(=O)NC2=CC=NC=C2)N.Cl.Cl
266,YM201636,371942-69-7,YM201636,YM201636,C1COCCN1C2=NC(=NC3=C2OC4=C3C=CC=N4)C5=CC(=CC=C5)NC(=O)C6=CN=C(C=C6)N
267,ZM 336372,208260-29-1,ZM 336372,ZM 336372,CC1=C(C=C(C=C1)NC(=O)C2=CC(=CC=C2)N(C)C)NC(=O)C3=CC=C(C=C3)O
268,ZM-447439,331771-20-1,ZM-447439,ZM-447439,COC1=C(C=C2C(=C1)C(=NC=N2)NC3=CC=C(C=C3)NC(=O)C4=CC=CC=C4)OCCCN5CCOCC5
269,ZSTK474,475110-96-4,ZSTK474,ZSTK474,C1COCCN1C2=NC(=NC(=N2)N3C4=CC=CC=C4N=C3C(F)F)N5CCOCC5
